-- phpMyAdmin SQL Dump
-- version 5.2.1
-- https://www.phpmyadmin.net/
--
-- Host: 127.0.0.1
-- Generation Time: Feb 14, 2026 at 04:55 PM
-- Server version: 10.4.32-MariaDB
-- PHP Version: 8.2.12

SET SQL_MODE = "NO_AUTO_VALUE_ON_ZERO";
START TRANSACTION;
SET time_zone = "+00:00";


/*!40101 SET @OLD_CHARACTER_SET_CLIENT=@@CHARACTER_SET_CLIENT */;
/*!40101 SET @OLD_CHARACTER_SET_RESULTS=@@CHARACTER_SET_RESULTS */;
/*!40101 SET @OLD_COLLATION_CONNECTION=@@COLLATION_CONNECTION */;
/*!40101 SET NAMES utf8mb4 */;

--
-- Database: `quiz_system`
--

-- --------------------------------------------------------

--
-- Table structure for table `admin`
--

CREATE TABLE `admin` (
  `admin_id` int(11) NOT NULL,
  `username` varchar(50) NOT NULL,
  `password` varchar(50) NOT NULL
) ENGINE=InnoDB DEFAULT CHARSET=utf8mb4 COLLATE=utf8mb4_general_ci;

--
-- Dumping data for table `admin`
--

INSERT INTO `admin` (`admin_id`, `username`, `password`) VALUES
(4, 'admin', 'admin123'),
(5, 'Snehagughan', 'sneha123');

-- --------------------------------------------------------

--
-- Table structure for table `question`
--

CREATE TABLE `question` (
  `question_id` int(11) NOT NULL,
  `quiz_id` int(11) DEFAULT NULL,
  `question_text` varchar(255) DEFAULT NULL,
  `option1` varchar(100) DEFAULT NULL,
  `option2` varchar(100) DEFAULT NULL,
  `option3` varchar(100) DEFAULT NULL,
  `option4` varchar(100) DEFAULT NULL,
  `correct_option` int(11) DEFAULT NULL
) ENGINE=InnoDB DEFAULT CHARSET=utf8mb4 COLLATE=utf8mb4_general_ci;

--
-- Dumping data for table `question`
--

INSERT INTO `question` (`question_id`, `quiz_id`, `question_text`, `option1`, `option2`, `option3`, `option4`, `correct_option`) VALUES
(2, 1, 'What is the SI unit of Force?', 'Newton', 'Pascal', 'Watt', 'Joule', 1),
(5, 5, 'what is laughing gas?', 'Nitrous oxide', 'nitrogen dioxide', 'hydrogen', 'oxygen', 1);

-- --------------------------------------------------------

--
-- Table structure for table `quiz`
--

CREATE TABLE `quiz` (
  `quiz_id` int(11) NOT NULL,
  `quiz_title` varchar(100) DEFAULT NULL,
  `total_questions` int(11) DEFAULT NULL
) ENGINE=InnoDB DEFAULT CHARSET=utf8mb4 COLLATE=utf8mb4_general_ci;

--
-- Dumping data for table `quiz`
--

INSERT INTO `quiz` (`quiz_id`, `quiz_title`, `total_questions`) VALUES
(1, 'Physics', 5),
(2, 'Mathematics', 5),
(5, 'science', 2),
(6, 'GK', 5);

-- --------------------------------------------------------

--
-- Table structure for table `result`
--

CREATE TABLE `result` (
  `result_id` int(11) NOT NULL,
  `student_id` int(11) DEFAULT NULL,
  `quiz_id` int(11) DEFAULT NULL,
  `score` int(11) DEFAULT NULL
) ENGINE=InnoDB DEFAULT CHARSET=utf8mb4 COLLATE=utf8mb4_general_ci;

--
-- Dumping data for table `result`
--

INSERT INTO `result` (`result_id`, `student_id`, `quiz_id`, `score`) VALUES
(1, 1, 1, 1),
(2, 1, 1, 0),
(4, 2, 5, 1),
(5, 1, 1, 1),
(6, 1, 1, 1);

-- --------------------------------------------------------

--
-- Table structure for table `student`
--

CREATE TABLE `student` (
  `student_id` int(11) NOT NULL,
  `name` varchar(100) DEFAULT NULL,
  `email` varchar(100) DEFAULT NULL,
  `course` varchar(50) DEFAULT NULL
) ENGINE=InnoDB DEFAULT CHARSET=utf8mb4 COLLATE=utf8mb4_general_ci;

--
-- Dumping data for table `student`
--

INSERT INTO `student` (`student_id`, `name`, `email`, `course`) VALUES
(1, 'sneha', 'sneha.anita2001@gmail.com', 'MCA'),
(2, 'raksha', 'rakm7286@gmail.com', 'mca');

--
-- Indexes for dumped tables
--

--
-- Indexes for table `admin`
--
ALTER TABLE `admin`
  ADD PRIMARY KEY (`admin_id`);

--
-- Indexes for table `question`
--
ALTER TABLE `question`
  ADD PRIMARY KEY (`question_id`),
  ADD KEY `quiz_id` (`quiz_id`);

--
-- Indexes for table `quiz`
--
ALTER TABLE `quiz`
  ADD PRIMARY KEY (`quiz_id`);

--
-- Indexes for table `result`
--
ALTER TABLE `result`
  ADD PRIMARY KEY (`result_id`),
  ADD KEY `student_id` (`student_id`),
  ADD KEY `quiz_id` (`quiz_id`);

--
-- Indexes for table `student`
--
ALTER TABLE `student`
  ADD PRIMARY KEY (`student_id`);

--
-- AUTO_INCREMENT for dumped tables
--

--
-- AUTO_INCREMENT for table `admin`
--
ALTER TABLE `admin`
  MODIFY `admin_id` int(11) NOT NULL AUTO_INCREMENT, AUTO_INCREMENT=6;

--
-- AUTO_INCREMENT for table `question`
--
ALTER TABLE `question`
  MODIFY `question_id` int(11) NOT NULL AUTO_INCREMENT, AUTO_INCREMENT=6;

--
-- AUTO_INCREMENT for table `quiz`
--
ALTER TABLE `quiz`
  MODIFY `quiz_id` int(11) NOT NULL AUTO_INCREMENT, AUTO_INCREMENT=7;

--
-- AUTO_INCREMENT for table `result`
--
ALTER TABLE `result`
  MODIFY `result_id` int(11) NOT NULL AUTO_INCREMENT, AUTO_INCREMENT=7;

--
-- AUTO_INCREMENT for table `student`
--
ALTER TABLE `student`
  MODIFY `student_id` int(11) NOT NULL AUTO_INCREMENT, AUTO_INCREMENT=3;

--
-- Constraints for dumped tables
--

--
-- Constraints for table `question`
--
ALTER TABLE `question`
  ADD CONSTRAINT `question_ibfk_1` FOREIGN KEY (`quiz_id`) REFERENCES `quiz` (`quiz_id`) ON DELETE CASCADE;

--
-- Constraints for table `result`
--
ALTER TABLE `result`
  ADD CONSTRAINT `result_ibfk_1` FOREIGN KEY (`student_id`) REFERENCES `student` (`student_id`) ON DELETE CASCADE,
  ADD CONSTRAINT `result_ibfk_2` FOREIGN KEY (`quiz_id`) REFERENCES `quiz` (`quiz_id`) ON DELETE CASCADE;
COMMIT;

/*!40101 SET CHARACTER_SET_CLIENT=@OLD_CHARACTER_SET_CLIENT */;
/*!40101 SET CHARACTER_SET_RESULTS=@OLD_CHARACTER_SET_RESULTS */;
/*!40101 SET COLLATION_CONNECTION=@OLD_COLLATION_CONNECTION */;
